wage,education,distance,parent_income
36.65968407061476,12.64094809901281,16.748258225906977,46.907909229501364
32.2459301429798,12.111911983492513,10.456784033440025,42.478435944094166
32.70480268040915,10.685572193857974,63.64302495436367,53.1917451041918
37.712226691011125,11.410562915883478,70.64757264869012,63.40450446023144
39.46114564739194,14.320022054345687,3.1586144825642037,31.248275303542556
26.112861402540545,8.644447237198639,93.62122462436898,51.150260791474174
41.116721498678736,14.1167521673529,5.1971283651472415,48.398672044333594
32.17089650311652,10.750537379223793,54.12963353010704,56.713400764504655
29.68859086929336,10.188521039403165,70.90605194509165,52.131966282376894
28.298629498825417,9.068005768871739,87.09691237460856,42.48030668261181
30.51817166135618,10.77098430617283,71.40869321324278,46.80946064333382
25.670848507656565,7.972628215931799,80.17280830697918,42.03974143196511
32.5044270094182,12.064100500616526,33.94501925428061,60.76007138598598
23.639005275293908,9.27034164813028,81.48251137465122,50.21311648671942
30.477140879853252,12.920801368142612,8.011484638467515,69.01190685753008
29.83163973524587,11.937806619057373,89.48166560605276,49.39339186185379
28.257033102321433,11.105422583632013,54.75923761537362,42.91593233089537
28.923456451787484,9.066580219643157,81.72977699624937,34.862856073871725
29.230253440852056,11.188932292558821,45.23182845183001,31.96860323744055
25.50820005622581,8.299713339883278,64.35776951965249,34.1586405699451
36.30832331185435,12.02021133048345,52.640266093611324,52.67126651011483
24.516543490352714,9.396108183979313,73.15895217553319,55.08725023229934
40.49325241097761,14.541004467751176,8.162998203058958,34.188092979678665
34.35712543655307,12.436325212344919,6.03520839905638,58.950383140761154
31.94675366732538,12.37552655189143,24.710323401014644,45.1693894831656
36.25112707612396,12.622180052884588,15.954468011318834,51.467930119855495
28.169386619410492,10.804436730181171,87.17835665922017,66.12220628255425
36.29996039354459,12.770536306264702,21.92139873580443,58.96839315865532
27.875867990060144,10.652911419424141,97.58652558191314,47.314693520941674
31.94389832697312,12.983825928366093,33.68957917711069,41.08807774584712
34.87305338798435,13.270623842777193,18.211791568869927,28.48184598670695
35.22371879193292,11.346379703859593,78.96985071424791,42.8084668075758
31.371414392349703,11.093509808342905,65.87077755008761,47.88869761172305
24.150359237942524,9.052493373910746,49.8195716453139,40.128204728488164
33.14516185831787,11.355571307212681,55.53635509376312,48.68743032907695
29.984778539879915,10.638727254837491,71.92017782722638,50.768518829587684
36.05003114700562,12.913260907371779,22.845474133129873,47.751440181919214
20.69210789732442,6.633305510972827,99.63339160567419,43.4999741917654
23.486563954222685,8.4095367142394,97.4793162146783,51.68654671966728
37.74054308814674,12.550907702455369,65.03256863469369,54.41940649569409
37.99217869865695,14.6184127508867,19.954245092914512,39.09600922557154
32.47725085410339,10.622538919072497,68.02282424312914,64.10932379746271
41.255575944273744,14.532633090968089,7.219840897917584,49.014118677157384
37.1695178837304,13.329678620808272,3.0652502205806065,50.188496229448475
27.914074511186204,10.268452975433501,25.76828885112137,57.082144232565575
28.668633842034996,10.40249712397651,46.26229567393163,52.332161312635016
33.36363085762564,10.991206855986404,86.82725054083805,59.531366339132454
29.977178853702256,10.618722682448613,72.7169069766308,52.87124165201824
29.00496403241202,10.214892559409307,74.2706521199981,43.87562625359562
27.94267434357921,10.691175053803375,42.54933344480754,53.61503525206102
41.634440692187376,14.336503611535589,34.59349925469629,38.56273792679338
37.338359771919094,13.57822396023089,37.10387629846027,51.085597057765234
28.932668311750305,10.942071414614867,98.76495637360578,49.66770009355539
38.18939297640743,13.946246976957969,4.010919141248248,47.918831427274604
31.26978653431699,10.475966769382827,86.70314961224486,48.71462488561069
30.088583128757907,10.055620467275341,57.86754085723934,31.18150954502361
36.42744996939761,12.864248568559002,43.86154191895905,44.512750922590385
24.895347095157717,9.051325958730775,72.52576604151365,50.928449011411146
37.612582003255895,11.949062572340898,48.666894142470284,51.598563919974005
31.166484762092846,9.023353845520031,87.34232380816606,39.72324859074042
28.799035453004194,8.668036734282367,90.07018640112585,62.657078408647
30.71823940345599,10.961303446251115,42.17209268734554,41.33825151785499
30.950252633124553,11.454818266145908,27.682779723505156,59.69457200526737
25.141431118517318,9.901022341843875,59.23503285933622,54.27194361871685
28.761818695834823,9.296177388188566,91.2363345616691,43.53772690156197
41.93795570021731,14.458142981037387,21.066218900566657,67.75310892609511
31.972709397852093,9.7442992283299,62.296658356348274,38.0636316824352
32.41999926422769,11.564506775497277,63.156022009252055,59.191541736100014
33.277866269106866,11.733212052752972,73.3113022415281,60.005823180429786
33.74253259272275,12.506405332547743,13.15676851272598,43.293797909233554
27.517823181069975,9.883654088596163,71.58249646820886,63.92465300064329
33.476415442664816,9.993331054724528,90.9032520665641,47.49953485401047
37.025073566758905,14.263396644454524,17.968310887024195,52.88693629279857
39.53361044984891,13.788712834240973,23.754332492387764,52.603218387712204
19.77035896632029,7.3019376831393314,97.13950940416396,48.65691258529452
37.63406302477989,13.989943139828203,18.097695270948975,58.10808273159782
27.45509246626568,8.669305917434766,85.4385093369579,57.93488720552213
33.26120292310484,12.07046655296984,49.227785644803475,32.51468026761819
35.83059004815319,13.218332323953634,24.723107440317705,63.043402428781526
22.2510385151342,8.344657565198112,87.07499012725114,33.37508011964326
31.959645475051015,10.825051982620685,44.53052550026655,60.32546204341657
35.27848058190012,10.717788593823965,51.48173539296902,61.26705136827583
39.45181055622621,13.477597511717837,35.92333693997657,39.09033569784802
35.22501337476699,12.005091136177601,59.29508514349274,45.891857120454155
30.288467922552286,12.140826088599498,16.352387258502276,38.94295331514064
34.06708831021155,12.252100498500413,39.10815366517607,47.850789697112646
24.22559139575604,7.52361242857253,96.94123223352875,46.919657158142584
32.117458130759736,12.289090660667004,25.813343270112753,57.796605322693395
28.567372164509607,10.420377642539117,65.67366645412922,63.10308746119609
36.59569977539992,11.72099997845137,32.51900642246949,63.956838107899564
30.534981524264193,9.24466677145142,77.34731256866006,44.37831973421698
38.26332620031975,13.16217463520581,13.087366071834982,47.90778126255472
24.065641151394058,9.092060955994974,96.98210450785447,33.1656180777905
31.875729880080563,11.379892201376546,45.37895413836392,41.94129933503811
30.78616253485849,10.38546237337663,23.605046334646396,59.64851633097457
29.715917310256636,10.78005863664881,7.349674733001265,66.15582823548232
32.14140411911019,12.69240543523741,16.975790508754073,37.65651128120078
32.5896361709569,11.989344479363407,51.977394855601766,44.075357408471056
29.019586663545386,9.570036003439565,33.70031764312863,49.73594243041073
29.197819974467155,9.238559427747749,82.88833658826094,52.80161158819606
24.707946553021173,10.611629154148343,43.08875236618059,41.90396480078354
36.91367157266748,13.934443753887617,24.871427258762992,54.2406104446409
30.487817758974952,10.3578959970036,61.714498660403,45.26160652929084
31.391736604605775,10.44796426570289,70.67772168854458,49.855477291217206
37.59459609047528,13.225404744749708,16.704190790094987,55.462842480037
34.23794465715639,11.233362867158482,16.761921628831765,50.064222698109376
42.28528390355051,15.527943032569288,3.667142693354297,45.63614109473431
27.687213118089154,10.620675336544005,73.64020150656405,48.90390196074169
32.23626246581524,11.318021196926946,66.38045276218051,49.11637040794665
42.92331551637621,15.515860369804175,47.46308757498139,46.29988970117872
23.38005064811211,6.7356492080059045,84.41704489691972,47.41203937332897
34.747505285994215,11.683088947286233,80.56701529500532,65.98647170504717
32.5808184876878,10.815895763586395,58.535436439675216,55.60919447941239
36.809329581658574,11.177593558079359,86.82712805132586,47.045196819708394
34.257423503555465,12.829101222124354,20.584121003676824,56.969544045107355
36.526078907953426,13.166939240780124,11.191961939772789,46.6618051024399
37.414197655742136,12.06406312932367,26.974961151698963,61.73124637586641
33.281337804620286,13.459735436316668,5.708685608931486,53.69642192198094
35.740571944353576,10.398390070580671,53.1169528001032,48.92697855995771
31.370877684826734,10.443517222390344,93.66056922949615,54.477169258102776
41.402619869342175,13.782603865293723,3.9343540668509647,34.291238479315005
29.431663525837088,11.804687363512139,12.21099140100268,38.73232531090195
37.25677818084356,11.990389156055059,45.21990282834353,38.060749936009444
26.197380329570144,9.886848597826907,93.38750175279048,51.429430947637066
32.40437712685235,12.177312935000158,31.61561049767505,67.32514999485092
39.55776629888216,12.917507387672648,50.723480868839246,72.31300146192632
35.66496162243036,12.565911266467223,4.15728590503921,56.380511014407574
34.92678448903242,13.733056980311789,14.834320096208886,55.00844474944457
26.75581073979424,9.80218280653979,98.66301229588468,31.98942265847261
30.603652038271964,10.771277524058085,96.51186964360456,44.57326200265978
33.547943064437774,13.02440443429567,0.49399809344096157,42.12216248091761
31.08723844740749,9.943877365044726,95.18117854232389,43.79152401748884
31.0483655593366,10.37131599359839,63.91199378155004,48.318561814152105
32.977711332568774,11.193076524580494,86.79182945200222,45.27909422302873
33.427382712447965,10.547756217105071,45.47398556338591,30.207001896242122
38.65735584157649,12.941992372489798,51.55960285792502,57.47910256117534
30.071153362343047,10.9694431564306,48.88465802569202,39.27256974260194
27.174692561602114,10.440459777058143,66.68642575461044,52.39246864111149
38.29546642412546,13.800254819351641,13.96512547563129,70.74082669749973
34.454810212219414,13.48694028884631,2.9973589872677953,40.80615408413577
37.177501926917444,12.457851216224153,30.79299415911909,24.697124772536704
35.575442872814364,11.344880746628506,70.46807627366466,47.139957781198895
32.76025526422658,13.765109179666828,20.185345212294838,61.00959634998571
34.0426684571341,11.710604448256785,67.34324333249174,69.58347454220593
32.03195805300025,10.149535759084756,96.99120461072704,37.70450405547583
41.16053368827701,13.465868330917692,9.39007157894184,54.966992232365214
28.178128318925005,9.129273225207005,67.26021182251263,45.34689543219947
33.69365069934206,12.076321155172758,44.375021930457116,48.94051645695864
32.4956969445571,10.796306303450715,86.81422543775054,76.44343347017035
40.69292915095797,14.735414065130644,17.71497894473859,34.970296716048466
32.9910211530769,10.058136038072885,69.26259522261645,52.537396614945735
27.360315521581345,9.75309900114759,83.81152896481102,54.676931717654334
22.87594902182876,7.297432379315204,94.46142194740233,60.857863249393475
29.418074250371824,10.3074156010714,68.32480282896458,50.97983153470896
36.51238080177357,12.657232927186651,49.71747640084273,53.08050539504102
31.56310264576712,10.087092710752549,61.78472402012139,46.08351432578209
34.062397450034204,11.22884212837961,86.89049844787182,52.69126941245107
28.31686988895667,11.193364621263934,57.060974663882966,46.5680772450259
34.541543226419186,13.57646998113605,3.038705969683686,56.21571889856051
29.863461750918272,8.525841936966357,93.09486955069778,46.30389663956366
29.913707019283642,10.150234859362433,68.95267510315611,53.77100393902187
28.076678205403372,8.019839402084271,67.65133857772466,49.707371863150215
37.80595850346841,13.31402586935313,21.567515239771716,61.26050250772168
23.5404315419243,8.664758245945718,65.88854702326572,49.48606276411514
39.912373942911785,13.718360552898185,39.386440565415846,32.26967531793119
32.40587363238609,11.7276329310253,65.12329770414921,62.619215007139914
44.290755527599394,14.344735910423372,10.659303030799073,40.94267699137381
40.3465562816323,13.180176195471173,65.7845304603036,43.4623366135118
24.333262805528577,7.931320792320393,99.94137257706666,44.04338705956508
37.90549510155457,15.129434921434033,4.821203886055603,63.74438093170817
27.68296679901661,9.601563428341036,97.71741842213173,28.64325786021304
30.939280261876306,11.32099976668398,40.690796072287064,81.37748533659995
33.60461906851794,10.743302040789596,87.07534503372591,60.56056809066052
29.1892704111237,9.152355054705321,78.23854840582734,52.2323891412916
29.909272587585967,10.478749933203996,56.70162609866678,49.451059993837134
35.247167953908956,10.112755855021678,73.84492092513266,52.85554074857657
28.288010363593703,9.084945431368197,87.8515561301348,55.211224283793385
37.01699604280026,11.649507787563241,40.4140321651033,56.45215585950057
35.29773942057386,13.455588842660154,32.70331615632387,55.55604466003449
38.333011515587586,11.763263255107056,66.75933855635847,50.895806812552486
32.81293886900007,10.626108932533088,80.78459419412586,48.02661579692674
23.314253444173467,9.1896441814951,76.22851347766158,48.487267163464885
27.733975886085123,7.654882206127755,79.78136488586345,48.05091719647319
37.97175152860657,12.33337699194835,43.5583314812933,61.337700968670646
24.64410029180363,7.88684255104219,81.78342161750216,55.93556722280862
36.241103108441486,13.687320924107533,12.020905537060845,20.596113653357197
31.696696231766854,10.145858283649716,54.448909796084955,56.55900776529761
41.90828851066701,15.922068240411765,0.575866049812157,51.94736194718775
35.171220747302186,12.865036713639167,32.45858299002703,49.81291243554102
31.1429289645025,11.516022504571557,36.646153487139784,46.11481546911114
36.46188103766109,13.059585743574882,39.61726916092554,61.24112719986014
34.3883043627622,10.10454738624669,69.54672066898621,59.475264621228575
36.87281851521953,12.707735744383465,38.85581012703457,42.27122332176391
28.699026696612265,11.333472931250066,44.86936226225306,54.07052287124535
39.31067687397692,13.162889889887625,23.754413087432745,40.283432654587145
41.0567116602188,13.598753231824485,37.325179162934006,36.203818352110694
41.28675781144942,13.15421524836348,22.726962726315147,43.73282775410035
35.98281278635023,13.99960659695557,7.319592376844364,58.62393472382759
29.287025016145176,9.356973956087813,60.34485933813779,59.53125045376087
22.376156272936377,9.127404563030144,66.82127985550163,55.13085420097293
33.560445386341534,10.958733016530344,61.94903460096145,57.25095786847997
33.857365030134616,12.056294418457906,46.34940438005724,55.16178287114958
38.496254446447956,11.512392996017565,37.978578017922985,43.585184047770476
35.27529204548868,12.621909453736746,86.33336495718252,54.31922544673941
29.019430763317715,12.232150445593938,51.908178513621806,58.00409525227683
31.12532778329481,11.737296412286266,47.9181877629731,57.542913298135744
35.224265690090505,14.201344165855897,2.5642065806435688,61.88913371474643
36.94976757023128,12.33844486742417,34.12478276261564,57.083038472010635
29.45166001534943,11.404627289201501,38.019561878585705,53.51448207541583
43.855477117071835,14.009732359361722,39.88227808969005,60.701502383164275
29.985384025032694,11.642335949352672,58.017236922733225,49.7347874075094
32.37877187314618,10.658009510974283,53.360254672687844,41.18125348772282
38.26106262689742,11.771651835024276,60.79050927934446,48.36933036056236
32.39042319806531,10.346020269117508,76.48832615421283,42.550973551935506
23.539367175553554,7.8696291262219695,81.29857387160935,43.24821725025618
30.93301528953105,9.928484218334658,71.81230762264944,48.55481329284482
25.72152268135233,8.422363379534897,95.55236959549347,42.075800790000386
41.94626366275355,15.678115440588378,1.823258267636163,46.9203847036096
33.20820079609764,13.334981422201476,19.57779856835461,31.063853330462145
36.643228008179264,12.66764112570256,0.756287497814212,52.13293707372939
32.875188590767465,12.405992001981376,64.7474714154603,50.012054753622245
19.99715444641641,7.028910670015826,89.8030548949987,41.82911368931809
38.46966193304435,14.208409666192834,24.34822965762993,56.59245668432405
25.02226922256952,8.08734468860576,92.70345447963066,59.37570137626558
36.075485760506204,13.369060926918308,6.026739028956085,33.924401356310256
31.21848341173508,11.198091811998301,93.44360268055144,42.37275221433786
30.10015978653978,10.98686300476531,35.16226872396344,42.30857650212702
31.8945534195534,11.556905283676272,10.142082844921651,40.600968988911355
30.027689798565703,10.629390023092384,48.58717591863256,58.294748419317486
38.04973817789875,14.094294886884114,25.677656772050796,48.06173861227197
29.324994671110286,10.691106098854975,28.487290196192284,47.35485158689389
31.196271622789514,9.739623872048986,30.728996492628657,29.961376355932465
28.145967758876473,9.556497572379591,80.30258978326634,56.35418030209227
31.90668547599661,11.530134242731739,53.91612766752545,37.60741605146527
46.987179907392026,14.715695298621474,31.130769915600364,50.599326302663286
29.7077717247472,10.802129232519015,61.03337833109184,52.77376937958192
21.249098113742722,8.995248728439226,71.61506742231936,63.60658595838651
39.61487657769694,13.884007887972793,27.262400073353376,36.91179600880888
27.11327330084647,9.731619560293629,41.354910152535155,19.804878441791747
37.498705797769816,13.428265425530364,12.188609333694755,51.83849544753695
33.02573968215933,12.888416773035306,18.11493495346803,68.00511181510853
31.28081751771797,10.98626123072667,68.11178539649828,62.38946352939438
39.62554755830579,12.835495207821213,18.143834769562694,52.096594152746256
36.58589308940262,11.8415016904556,52.516338366706016,45.08363814367953
24.65658868208421,7.366293134446959,70.90462617224327,58.071225966373106
31.9460267431972,12.640116354271957,10.687692309474384,40.26453800295531
29.744224477811773,11.379474958829473,56.73122196289035,54.76357769356219
26.158303694071876,11.408227430951648,25.656278370136377,55.054701591666266
31.283573649340624,10.127076965542246,96.29268752375798,60.6020990749888
36.984149184579856,12.231635122683553,48.35456467199247,77.59660038911078
27.136659246192018,8.997046073098922,80.59925497751581,53.92415967178767
34.69029046216322,11.878262033742649,55.022654215626176,44.910363742925014
40.90119946597806,13.881282868947608,4.341253285481916,49.74425687808006
32.45865575089474,11.143864472609415,63.31513755940223,32.30924095110882
26.317491767030408,9.09351447557893,95.14033422066571,43.05286868910942
32.61899909726915,10.906796823803651,60.16118201463312,45.90717561886896
28.57055316474984,9.950980007895424,81.91888594267903,44.759116020654076
28.43648988672525,9.449349354739363,88.42064633484078,51.52354872033722
40.12284017405882,13.79612064496507,22.807977194893247,41.775800676177994
32.88605359940939,11.277151548596057,21.204483990822666,61.210306673244716
33.29241328669784,11.640703884911897,61.09809888509917,50.002070649181974
38.69770132336141,11.578840234254503,41.10284698067047,49.90699678861374
22.140512901666792,8.605549748872091,83.98613028667204,46.72105283487082
29.619907609985265,10.184937485988026,90.00231233980112,51.551906838589794
29.6149042667062,10.734935330559363,35.34213793027181,58.25098264667635
31.455456775692067,11.48231461171762,23.687055897448207,41.328697842890996
34.61921896560367,10.625029379870805,78.05255152438619,43.41883510924743
30.498763837908477,11.127145612154575,27.48060355481361,46.96273971223335
30.104228110376656,11.401842739919925,82.26143185136785,36.54129076526785
32.788648261724916,11.089906926572437,42.37382536487628,41.807421402785025
36.74098254821213,10.827340368588839,66.75498992914704,45.23779126455341
34.76104107593973,13.008781386839917,9.553531383466819,58.74389180712727
34.18899145961317,10.260135726618525,62.3859324676573,52.62561329001925
32.24252050163889,11.350597425067384,45.17676787372291,51.93589911367545
31.814850741973153,10.89365661984883,58.66084631754741,58.50897962167972
37.36793147587757,13.058120294024805,16.801420774486342,48.62628211600603
29.040316612317493,10.321774264165876,73.68737449441821,53.904648499288896
27.449864816371733,8.856574061256088,86.27970775432286,48.96778247067504
30.994773266325144,11.436731732860364,21.673980009077564,52.653623493996285
35.45699632555288,13.65036363530755,9.571455552016172,44.17241342388418
41.93593026054399,15.693498814041185,2.3638586046336396,25.61182841723571
33.86690349019708,11.13960946582763,64.1971500443266,48.65720837813696
33.96616498381641,11.982802344876323,60.70940360887808,64.2274813609994
32.93190417839165,11.340327942133085,54.669741271407005,59.26215402241592
39.618464038988456,12.637450710201557,23.194709611597542,59.653974845911705
31.206292987176038,12.77194077884078,39.09059959055147,62.36130721806218
29.005261910496568,11.154054572974145,59.4476335186173,50.88657590961438
37.4770290676351,13.44218120803555,49.67668588591694,51.97315707405596
26.46667104841841,8.46853533726909,98.77855202148874,43.8234810456565
38.94125843410288,14.824513399863863,13.643975255673313,46.8392714397295
31.352326499389306,11.195371598618177,69.51445540475937,56.15771149771142
29.81547643252469,12.28494577800148,40.431876810429216,62.038844371688164
31.93594699048731,11.79834400125297,42.819961492561475,48.60553724319001
31.839732127685277,10.588283602145182,71.75977656581762,45.498107351485885
35.636562568164784,11.916858644834548,69.24361513243696,50.005279588565976
25.239486465300473,8.837625103706777,99.12559937021884,56.01206748929115
38.388266733612696,11.840758786858846,12.839428945412523,35.56145183866458
31.669498283632343,12.51591505181047,10.410964938416633,27.03819046862762
35.039410617029745,10.598891221583028,72.43388171287411,44.494631505084165
33.96156295931984,11.732878819095315,57.83869170064091,37.79287574085841
34.791898573984085,12.158110672840039,27.416066655980586,44.91859802352689
38.402898257322505,14.541783424750246,7.9419368988986605,48.52219681182528
37.38855886081753,11.994253690540853,8.565824959643054,45.467515909769865
30.096468860847175,9.9778186959013,89.41908746641182,64.52467534470745
30.195873466772266,11.212233354037057,19.18673247187429,53.2674476460232
39.420036002627214,13.201518176560956,32.33715621155208,53.004743596108284
38.5117194965529,13.411091722317272,22.6656402226988,56.22207144043402
34.2534453608877,12.348842748446515,35.49963058319373,38.61166882219231
39.41524293237422,13.062546516264785,6.942384274609337,60.391117874202685
32.7989398389592,12.583069650899452,51.90597909082704,49.2423571346454
40.05410247940602,14.594821244484168,6.76125635922149,56.70480617241213
32.730676144842356,11.131150189893674,80.03565078223616,39.28142766959844
37.20304684835011,13.114630518078407,23.3712081910433,34.462412339839354
35.93792744531533,12.286552530272898,54.00119146045106,58.17889658025029
28.04867728340267,9.545451397782525,88.00790875614582,53.76409526097517
31.697173146010506,11.611670734601121,65.08773690471942,40.9794844564249
40.37641213619817,13.325668447214726,53.29577865513353,41.303369187253054
37.89459907449057,13.29380841610558,32.43337531153756,61.254347844147695
33.89591265636984,11.767471141145823,33.300191305819794,38.10588107132672
32.18885436367088,10.948911014098309,66.94869551981901,66.42672953255963
25.126328201479907,7.7846596326318735,99.41393612211675,40.99379265352131
36.72744805910582,11.56077287464724,66.18391898493786,56.38391925608383
30.877115788352818,11.252575984395676,55.77834173700249,46.71381524251015
32.64851459202656,9.523124747114336,73.06505102392461,56.03187431082343
30.801393023872965,10.009179403919195,46.52056122837182,44.558859978858074
32.242084278843464,12.809055083858441,6.0142342600785215,48.37207093927706
37.78816789968321,11.466711610219658,56.22968158779098,50.40919175395721
24.923027199529173,8.398227989035762,95.76252845053801,39.978125442185274
41.84451183998376,13.824523926089963,17.530294235765965,57.408243454201255
32.42841091493112,11.115621909469324,69.00048908206658,44.867864335284146
35.08611042168455,12.794939038302742,20.093368865905646,47.714000846599816
25.106983883871994,10.116442891733314,53.582768447308126,40.056506253914876
38.41057171709487,14.603227157279829,9.667644964671961,24.376663412046895
33.03458752276069,13.064971576041312,45.037093625818514,48.08972237399831
30.693750386151898,10.223181738386108,75.61633288952461,74.12615421612915
32.65768553796743,11.5764467708992,34.757152423898205,57.846042878980235
32.185138322916345,10.753900444579651,66.4911724487218,49.80739620265605
28.94118373127751,9.504027895477872,79.54499607897291,47.37109170791732
30.097109346370292,9.431179429077314,92.71778194794527,50.22465892812046
33.53253532519374,13.284580466045416,23.464208185545353,55.4711911517521
26.37106949877079,9.68295413566295,39.931591580930814,38.19187184691155
43.31911258183357,14.67806586394654,15.241601333041743,61.143216946688725
27.362540385320244,9.232746299091826,99.24835021583752,57.15381315441244
29.95206259731945,8.700030428130777,92.70009679242953,57.18185725707934
30.758242226943967,10.975461041566591,53.99571302805596,54.38475738809727
30.089226481957922,9.868287851817229,84.20332943764213,50.1961665769399
27.848537087106276,8.939966639446201,52.09579772720422,56.7286123596682
33.7791449828148,11.67327790025116,62.35856880027597,55.91814133741378
35.17367126969181,13.236481361064317,8.912443211601662,46.45959289058976
30.023196069603976,10.559926452107412,75.52704204968079,44.26398227103099
39.29139272174633,14.468436135196871,12.771348363523483,51.01856295261987
32.06130438119223,9.586177499651834,82.60676302525283,65.49020151495188
35.05341935311115,10.992161272284308,78.20280876703859,37.60892924346099
29.985884233852385,10.108666155404611,70.87446977429764,35.3247473424756
40.52216982147495,14.656460768641338,3.6160380524762115,51.647608412365166
31.484657652791082,9.855866117602957,30.31283559453286,50.50887701856018
35.887022084957636,12.57608628220832,26.311256991084285,51.73341664370408
33.094653728426096,11.452167987398374,36.01364074715191,52.439531979085004
35.75707318429502,14.155408496984007,8.764274676383854,47.76797745365195
22.24097251188684,9.371639600436726,93.69578230310628,64.89863438602082
33.121843547295455,10.783036158736678,55.38022407123763,33.99096021523484
37.16260798501238,12.526574039035127,30.552431065802356,41.71502975219754
32.50738837117088,11.850046971842826,39.698151707428345,48.96745239850953
33.22602985394128,11.068200931210084,44.72025405048357,33.56811188845833
35.282576578182045,12.184084024504598,60.05943333606173,48.241455955679285
33.357300643693335,10.851785425127147,51.567942769649775,66.61470165728018
23.724556770256537,6.608098155511479,91.93919732144174,50.20886488295962
30.818355489512236,11.14665672923994,49.696348290583025,52.30700905718683
28.225854934369583,8.04950415431388,99.21580148233127,37.398352348274194
23.85641218209608,7.725094503885842,85.14249577450957,43.83638591960523
34.55439038297347,11.73227587712022,20.85105143573358,46.24803619676063
29.203039112954798,9.705431544236113,93.05952146439162,46.82284903243766
41.82182292613443,15.472380642718372,11.636639788547608,62.81643795003769
33.01838538840245,10.705571344451625,81.74497084911916,55.57691060725124
38.38937371966898,12.566971373157136,38.06232934765801,38.88542043062968
29.173350349404252,9.68235881150133,87.79743204450695,52.46504778432005
30.04476256366972,9.636786557604095,86.80566901074504,54.982217484967855
25.337180707302583,9.367443633117926,80.59254001176211,61.40149038521267
32.39992986633082,9.990386616840546,79.00304363070614,65.80540686568374
31.016442216415903,10.3206263550805,30.46791390980408,39.84905808172131
33.716902992430434,12.785618957093906,8.091928305125219,41.89142488789662
32.29505677354949,11.843456273372313,40.29801787651615,37.42422141085384
32.73452121114249,11.973805892897664,17.35245149865087,47.659801408930186
27.480221246360916,9.846400116699952,69.49510889024617,54.663583744463345
27.66407252285854,10.944188975837443,34.609972653778556,59.87334516589102
29.515112601910317,9.805392080623497,97.56102008599149,49.24048976357477
28.842057423598934,9.648885681215335,64.0972077345332,46.80152476745156
34.08518464987655,11.601710515279613,82.24805636343609,51.51757992248741
36.69562191839581,12.810371536457058,13.252467274184843,41.64857098369977
27.415736857905266,8.649040523452651,86.20144822726226,70.89538721694774
23.57424391212818,7.470221521143173,92.27571905133944,33.923389728819416
33.97033659217811,11.309247844772937,48.70619188189359,51.847405788957246
34.21432791892542,11.28393116621277,60.625293775097745,70.23606219229639
35.27604735937871,11.607308466856155,76.48098009029954,50.067998445599976
41.713755522544496,14.693949036086616,17.483862726041256,48.099609649985055
31.82725847177342,11.77472433756437,50.25660764634424,46.42554577189573
25.83047430271499,10.046447768062626,39.86630277723131,48.19608318237592
38.08954725830039,13.614277001943904,14.63739921622491,63.728484746765304
31.520390762674833,11.32485883679857,36.753442229153144,27.88138088670493
43.79291908925105,15.608621513098303,6.817230938549357,65.33433701296326
36.060386064068105,11.87693798942907,2.5811906949486985,35.76042847549855
35.50520805729388,13.918178732138111,13.516628915482276,47.333476707655855
29.33461526239033,10.08000016202199,96.31151115891738,45.707555797013384
36.15515050267137,13.105462819123375,54.952953589501696,55.8855326977072
27.188839221930188,8.53616986586478,96.582216115322,34.01875648116253
37.18389199063733,12.861257734103253,43.2497878330132,54.62172666081943
39.34428285666484,14.188760956421248,31.181613308525957,70.24309623286852
26.49456516410651,10.780459266354434,50.61418628402441,36.368259954071895
26.06168195749458,10.327549125159038,43.95116886329101,51.89706167610396
33.47767383069361,11.84888596181289,10.566468426174392,43.38017822203391
36.99079848113024,11.864387894454746,64.08263146902063,54.258872061930354
26.13041646598097,10.474337833474483,21.60381825095996,50.19147777415752
21.208932238919285,9.762684087205116,61.95879548978296,43.5851309095569
36.70916631728108,11.825146135997448,65.02010923981534,54.87872284871074
38.16820201972776,13.59120827717647,15.20248531286481,68.04348109786743
34.18576030227141,13.744453460352553,6.134962711066816,48.09096208272701
32.54376458828176,11.094057913219917,78.07615860684398,57.19757942148182
34.30942653539638,13.03770101161322,45.98004237693202,37.06727042128836
38.683042878575094,13.346513233765737,5.816379550547579,40.43563623181991
25.61351220254452,8.382432516397685,99.48663171697672,54.72406277880378
42.01687314965069,13.968811712188337,5.778056099636664,64.84116028535965
31.389130115438917,12.232686088791446,69.50352288585532,53.5561334878566
27.627893822702706,9.857521887838457,98.36789252634136,46.86941969476845
36.68746905204155,13.741110273716059,23.918010421592562,49.99291405423354
40.045252164125785,14.794934798246521,14.224936868719617,37.495922660302824
36.77555224787355,12.89935021427765,12.138493942242889,56.045153263553665
37.48507565576759,13.668386643423107,30.327514756759555,58.82333062323409
38.03247423999403,15.361035296658244,10.10458110106467,45.4790966716692
35.28667474733565,11.804027532199882,69.2161341694132,45.299578522404985
37.660503966607116,14.59097017490919,6.229179813006269,52.658782296520485
30.347680894606025,9.20463689524039,50.94221281497897,45.63280263959405
20.922522802357726,7.472451505592414,99.66968538529768,49.338673853741774
28.365090506169548,9.060141774565675,81.39702695060188,70.99721789166516
31.476894319569748,12.004153260500269,61.52194382310109,47.52974299254004
31.809162534543606,12.16976968251281,30.625362078661166,46.41659847978778
35.15081763837142,11.67506335808918,62.389583629163845,43.52458194364841
39.531075925509,13.5496365972241,52.70414639116516,57.441919714999365
34.03634369532391,11.874735251524696,42.60833838903715,48.18775826781897
30.255136403593625,12.778507920282927,13.071037674019948,43.50626961678574
28.059146197609795,8.551331733448608,88.66042152404667,63.21304032273012
36.50625088297201,11.096258514237675,44.97846488213225,64.19603004513637
39.310687038864984,14.260158972145794,19.462251182076507,43.99576434261295
31.265662260120173,11.906831199498946,36.77593508772896,31.33460048639384
33.57497549882237,11.845771698221427,41.4129752528927,60.07513689836922
22.485865287285517,8.79216622614731,82.75378955668742,43.15370174239996
30.997567691659018,8.640956498496632,73.3614380561402,57.90625599162769
27.86002656184972,9.265922236157287,76.93048936413398,30.298961822881644
40.37179257694062,15.386322871832808,1.1031264428647214,58.92597338299309
26.86681296971321,10.381840979430379,41.615399817976154,37.88828070719219
28.55856499235098,11.253152302099986,48.13441516353236,57.307641190665244
42.536442233421376,14.880143040443329,1.9192276823056686,50.142730678364344
34.585273799882486,11.923582448523156,25.98132087450342,40.46060580603355
31.20875855458705,9.890398336002637,76.0289823122135,45.929636870732196
39.60838898840889,14.504390266624583,13.710970572899905,56.86318456956701
27.66245773744177,11.070819855458073,53.531013145259166,51.05894453115234
41.386740509968746,15.395957279449409,21.52018720172375,55.844129804724844
33.09423320040706,12.217281687925059,1.2120774643893273,69.76440584515485
36.514714304757995,13.335100080676485,24.12014575995415,34.357583882889486
26.561957447818745,8.671004835379676,97.58737549100537,66.17212574968624
25.44753800348559,10.165295649127302,80.15371118829896,51.04355937523213
34.527250223220264,10.625786496552271,95.95766443210334,41.01215951676872
36.1357523307513,10.845205359244055,48.785404392636245,36.696863742610105
36.5972899451911,13.33045264507553,10.973619867750351,48.10879609222967
29.22451647829112,9.509291059100358,54.79594889736929,59.21650111924459
36.532588335229896,12.275196802926173,45.43773345599609,48.724508796224654
30.02165903615806,9.965888252525835,84.4357082739616,65.11154930247348
40.250979740077916,14.455330614743593,9.808258078424458,35.488243099484414
34.94434421075658,12.995666495001913,48.82411370217782,49.87911052153945
36.37619621603246,13.352125942934526,15.004866469398426,37.47606555586881
35.68076080191815,12.236800665025637,32.467592689006,53.63631882624968
26.50453900572026,9.294620427823888,73.73570773877996,58.868873900973
28.909565909669166,9.756728007139323,47.601812936876655,45.792382063189464
32.64319668511033,12.549697663349209,37.58882851457693,23.95786143372866
38.56955467124583,14.147391146578062,39.44762785700353,51.98948146796494
39.036994880909724,12.287139578408656,45.94467684059866,54.367385517335094
29.0456614857685,9.9964020082898,78.50165438370568,54.042947549616976
30.230346543221753,8.923240661832944,89.20846889402344,62.35782191822154
30.986774947337373,10.551708490019571,95.53346865039283,39.28946320350951
39.03934951890889,12.270340296642923,78.6903386255295,56.802161054504495
42.514423602702394,14.923970413440973,31.540689574801274,61.92507512477975
29.624006921253198,9.617044596647167,68.81347060865421,32.21412415993483
26.488038299005105,10.95620626040461,43.760312405539196,53.19651825918977
29.65758234375792,12.15486965216653,25.467062204605117,44.958201689923285
33.25174234044201,10.543863458529769,84.08715794259226,49.18477326898354
35.02925119426762,13.21402524499859,3.8426348962324997,53.476764835383364
22.633361018201338,7.907102094070345,90.17619921354235,45.12771435886448
30.81446017047854,12.250733763678637,46.147746462473414,43.24291920838388
28.20691330542067,10.994353976696981,63.72014768082804,50.34152417488025
29.748169384572236,10.630527105943642,65.93539222057827,39.12754061137198
33.761246150116186,11.320673976047537,89.51177407065364,39.141748711148146
32.756893832267494,11.982863977702259,63.66696821672073,56.79373282956503
33.895941712149394,11.804600642892495,61.39335847600618,38.51205964841344
37.54984923792831,13.785021813396396,6.665204056068996,56.66312500909212
32.4987660811646,11.531375560725754,51.84080219452041,54.62591292853951
42.76910990891109,13.149013964293362,15.016900081704165,32.741932712094034
29.00923354119853,10.612317657398984,73.74337687214856,43.22435347664345
28.298660403439797,8.767883774164218,51.22219208126745,61.94109403047372
34.420989925743456,11.380147410419365,68.02277792083532,40.18834468860318
30.71305343687714,11.79233314785384,4.167290060238427,45.355957376906126
37.10839207816119,14.388059882717815,8.479201604580322,54.62060893251896
31.57670330159415,10.551351739485959,71.63233880626822,57.83390509282596
42.000741438163715,14.38261965831052,7.208433599867337,47.48461113955504
35.55380800243966,12.316698668179631,7.12567277652586,44.02489805308358
39.92147305679603,13.932903368248772,1.210847523488745,64.22369861698508
30.66265903096358,10.31070306908972,95.65013982994802,67.3889966379758
23.570866993018747,7.581086854287538,73.75083594590069,59.788580507817954
32.57231854670989,13.214511381458431,35.32514085020642,50.85318142565024
33.13377780404651,12.423350189823523,29.65355812876552,41.91734278359073
34.62344478641697,11.068723017385949,34.97032297458495,41.695555934434346
22.971128897882814,8.635944892839333,77.46535311811819,55.22514105265758
33.30504327180847,12.50476838474605,66.13706110704143,54.18398220888684
34.38397076028516,12.103396225995361,18.519556786746794,64.01598592946429
31.38552593860669,11.856628789300414,17.410933533408436,56.50450092536139
35.43671653826107,14.191554462776944,9.839564971339732,34.96919698240182
29.78495306568126,10.748653612495056,66.03027197013381,60.51947617722919
27.637665480893936,9.617906725267801,76.43726622217359,40.019393726855874
35.086834944187416,13.141851427591789,26.5046428325004,46.16028728047648
34.702012743988554,12.380744888805882,2.094496103091281,52.502002062516944
37.01351732119207,14.73962921375508,8.217166747642734,69.95667489783965
29.12686512073576,10.597764352333876,96.78600348450304,81.09918556005361
30.676001460998467,12.220079670874156,29.544477747742025,56.06723059136183
33.85340213008222,10.787225418246315,76.92231478381336,48.16803381279612
33.22533754783371,12.30655840112313,62.46635688542638,55.345056484805504
34.67731077349916,12.375287463420326,38.19396396528959,58.87655425873836
31.75994883087776,11.408059985330164,20.56872621955551,46.793323744428086
29.68146352668995,12.940100771703015,12.138641815940643,67.95211355912322
32.94251963152772,12.1972109904012,61.50129680388666,52.30070759191402
29.111225636711158,9.136114076955899,77.4633780637788,54.97743089091394
30.66872123731298,10.5488772164611,64.39042535411306,56.659242520544616
33.28092820454313,11.312777059303459,53.030213324915835,54.21586610614456
36.81416701670951,14.055635263224767,4.195122343163627,58.38940500469612
24.45252289413627,7.344492500516286,96.84887775943838,43.82746813453077
32.4003616304874,11.09524699863394,79.87141916545745,44.41698246053969
36.01121539786238,14.250422438631206,29.282203670096475,38.99845767028305
26.92322208421729,8.970361758328576,97.99703293588506,54.39501230620226
30.07701467083393,10.110223097740596,60.18815896363221,57.78936503512114
29.36738474744614,9.108719501268315,58.24226582072465,54.577728661518854
27.92047305263045,10.325332311958608,74.8073179429532,66.74492433347537
33.08075035047404,11.54817480747279,81.17697880901376,49.94403981170954
33.01592553001282,10.904328775076294,65.64786073315027,56.687416555925125
37.61239526429543,13.774963483282718,12.809574636620003,39.08299123860686
32.41558065449554,11.154537390909393,33.82675059944984,46.12900297525599
31.25821874210895,8.532320254609303,92.80836403260497,56.95537757565778
40.223678031972725,14.432457577434572,22.461561184385193,58.49102110743144
31.289486407228424,11.817114252134374,37.21670238375133,47.060330523358175
26.28814889582066,9.895438170853048,43.2076882944196,49.28400748141933
39.737774973503804,13.681350093298692,43.940498969445215,34.821262533191906
32.909981123708796,11.407850615399877,61.29395824945255,46.42970799193391
33.242372160593206,10.869788393107909,94.30758377447076,58.90383163519786
30.107710273844383,11.152416098994449,24.069271183250496,55.75205016106566
30.947645563707844,12.06996385681642,12.150137630091805,55.0066572138121
36.34466752288483,12.785839623236976,19.747048985993732,50.4977368718096
28.92896870088831,10.652050956678751,88.69249002092695,50.07063158628176
35.13596464306983,12.69451718130154,64.5810812655206,43.39678860526553
39.27946032326661,13.445346298656933,28.590678923916013,56.98828420202535
28.709271113129663,9.471645545283646,81.59469389686173,54.2097294438939
30.011231350432247,8.42297769848068,86.1369996363436,54.920188479927994
32.96368059415001,10.78114978535795,84.6514338690278,44.739651573324196
26.559657391397614,8.637887977240661,91.89265336395545,28.466570801287556
37.73669246546325,14.156771213495382,25.224102017336158,60.97152711753696
30.510507150476354,10.085293135110303,75.50419287462783,45.211625439915956
38.59991764241564,14.32558498556987,46.053949727414,41.372242359568794
31.234890976828463,10.904500877324816,84.19985528900615,56.934789119139936
28.504521605119628,10.057539358665554,72.84906771616131,46.0798736008087
28.127326591048494,10.198973356757223,77.64474464997247,60.59936384046622
29.831364372446536,10.174245247737788,65.61618376810715,56.17005949576698
31.48889066280269,12.522110577437775,17.742876946970686,56.83569323200478
26.838040223549392,10.847978746274324,54.502691889693835,36.340442887994655
23.097125716607536,7.547443933795828,98.46697395245081,62.119439853864
28.847818293672194,8.97167151517612,93.73880664971189,52.61250531233856
38.22553160717184,13.871917540328866,4.317373579701167,46.307228607537965
35.63734058414627,11.885410483075644,16.481481572943714,51.43388467342251
39.5992512329459,13.96298793439797,13.172877345456191,32.2376476710168
29.593447849644654,9.280828960952284,72.59799099852955,54.08652811480671
30.20380298741716,9.172443738101274,81.77853298569451,39.706284918179286
25.31313486928262,10.139531166831986,21.35113663106719,36.47329714156466
30.495926001039702,9.794651316427247,50.5852692951829,34.776408137821086
31.200199000031795,8.826469953775193,84.07030280112,61.12688374989925
24.364218905403447,8.887678195648336,73.28015447662506,43.707366063072115
43.539410006416844,13.813950131670792,54.223720549184826,65.337277099165
30.839742894387125,10.691630075558137,59.03476904587729,44.64198536947702
32.29848898530153,11.42830341473623,50.83605469162799,32.926420424070535
36.06246173307749,13.229130062965368,29.754845131882057,38.83475560051341
38.735184260193044,12.441301650822966,56.50219928590161,62.35811620006939
27.92648231042279,10.5690631565528,68.88853020500906,48.441018220633325
26.40465118231083,8.562201950246884,87.33229158608077,44.51712703509399
31.206296907218206,12.03979032861285,63.629135397924806,51.60018225852788
32.1492436889668,11.5766667736897,76.1121537043158,55.01782736167545
37.098700554587325,11.93215103937657,16.0071634954573,61.1739881590246
30.488170883486276,10.240142124060236,46.15574744197899,64.48499229892926
32.78265998830575,13.709314677097224,0.9331619827093296,46.40231354210914
36.49413145390635,11.563239159099135,24.667886452162303,36.73952313917962
33.535323401389405,11.113146890764039,72.64617151130048,45.86534838876724
25.906513063924507,8.479509093490043,99.18099513493634,52.60280506582886
44.24643683836768,16.187935541999472,9.917809958721591,40.36241073789389
35.44349267794283,12.92806881560978,40.14943158612883,40.428490851049574
28.41605360213628,10.077281719489731,80.00709686991596,53.437878815498856
35.962540225578856,13.517426232284084,20.403563462889885,49.51347648429549
32.33527363026086,12.108329047807821,55.50849493022862,50.327969954115865
29.675919310818852,9.95934627831581,73.30712960296748,42.41504665299931
30.72762427841749,10.482349812479816,61.5985450260179,47.69599285794233
31.10528288986177,12.676936727803755,18.802473461541613,40.757668557316954
38.63511430283341,13.519516241122076,35.538456868573945,58.90198411124787
34.999896472497916,10.897920405628907,78.37917844853972,60.35249334723753
31.367096344509836,9.858588398760771,55.42265141320166,31.538121377619063
42.67389501333482,14.109425394613627,0.5229613542912737,40.7048913980759
28.956354094801114,9.734178736713368,76.09907600280938,35.03470744909921
33.31846748723359,13.125450269317264,3.531135494023907,43.49976065593102
31.720273632868977,11.354513138681508,74.57337827312321,49.16562030209639
34.228294212588715,12.349631412519406,20.24805601652374,35.5035478030147
29.265015058338133,10.042404669416003,95.80734801193802,40.78140186874687
35.23145688351311,13.62161701636264,36.79407513020845,39.960426279185015
42.13361701154297,14.77677597689231,32.69316163380791,52.07267329398944
34.774179060341844,12.288417801504627,14.888805033244468,50.6934433703625
43.01580717367031,14.186284365077539,30.560421549021488,42.78262446662747
32.83992578147695,10.251117139045258,87.66507618282006,51.76820872139398
26.94254150852236,9.268507440719498,99.63343376272474,44.533199154127345
36.6308210919216,12.422490458175798,36.83095305068483,47.283448896739465
35.33801869203011,12.433426850595689,44.861063095454256,66.73452090298537
27.968272716000918,7.969341235906195,72.2070938202737,63.40461051790348
28.295546571756837,9.855853360014601,88.61957804650746,37.004187630724026
32.730697581475916,11.396690411296044,59.304433418678414,58.29732417879175
39.42667150297474,12.760908860570105,39.15256981778293,58.11396554491592
43.08339443272279,14.656463014553928,41.262184084862376,38.51736711247382
32.34022667435572,10.643568562045113,69.56181464968068,58.18777643754861
35.76147485204444,13.325224854697984,0.32182636042786816,65.37931918412554
31.196319911881304,12.39880420477624,61.95893374598407,38.77455193755586
27.47035795065171,11.32758018289353,35.54930104413574,40.824971789857365
29.498027664905276,9.50676051682239,79.41973312770843,60.17661466843502
40.72933226359362,13.935117136688964,9.299063982313216,52.71495310825648
30.092418338661595,11.053490832530187,58.82022669483905,55.514762752395235
33.530628478988184,12.567713217653003,48.09728898861238,53.40589216400497
27.89477544004278,9.416743074032105,64.23255259052274,53.90695920928144
30.78322873394523,12.93012292948426,6.485359448296835,36.73527871688917
31.194594536452215,9.986674442017048,57.99837874281313,60.47317706621448
25.921461186058075,10.287927679046451,56.14845879595237,61.69589992427773
37.81382005192253,12.034128478529931,56.06600944161709,47.70609255931972
34.876569051150696,11.4374264064999,60.34876665964548,49.56523050186138
22.657214165214814,8.19666810994926,67.64679372263622,34.68892497444278
26.574725145619485,10.3914566031252,80.49889996807697,55.14254756017835
35.66820917525846,12.735572895710488,26.982072012821433,55.72057441714144
35.002475732244534,12.093795759338292,82.5049410180062,49.37808983000689
33.46183073785421,11.823124240291602,49.82556822634536,61.24353359870503
34.708550559719114,13.964460085505053,7.705827913433117,46.659227690200595
34.170906841314334,14.050919133187259,5.85509292439792,55.646059258936006
32.2073233628268,13.53867237784861,33.42383186960608,39.80335661307885
24.90668339055615,9.249322428989656,78.48969771114676,49.76447849125762
29.468507500749254,10.336532646593612,70.76809347409157,48.25645742097164
32.975203834819744,12.21389263198051,78.86149646724064,52.25307922040941
37.73762727036481,12.650795022478555,51.72690564416094,46.304730711666416
41.714773653082176,13.297227478699632,44.01989979554906,48.68527404328332
36.244189031006265,12.549715464704123,14.745252670628394,58.26047171441506
30.788038088773007,10.93628426921249,32.81927536093116,45.63235762761783
32.47920859691855,11.569355696901642,43.40193661738753,33.93422899261321
41.12456646746581,14.989198950995085,8.860042967961723,67.4958390420542
35.15998753740287,12.312426888442873,22.061195271121125,63.814540786904864
33.438307632013405,11.156820875249839,59.82252940637388,37.07737304894381
35.12077041275555,11.898248813292644,73.56631142391899,56.897078052451945
26.02903633208581,9.802707297969478,99.83475113929497,44.97025229448657
24.503238097631204,8.121244627567501,93.31133313435576,52.634872153310596
28.16064882751467,10.38883417174098,64.25651995351916,52.94224129013494
31.010213061071603,10.815363782056883,42.1248053294072,47.65592199683678
31.742432504096524,10.415036624942276,63.617736470823274,42.16234334413603
30.951111374995946,9.386413858402316,78.56516180802319,43.094589476837406
33.08930150812906,12.574250571440476,11.833619092338733,40.83808084518758
30.661610931701638,10.74855529339111,40.99048896962883,41.681777917695555
31.008568774812804,9.545845281593298,83.98022856356172,49.328217099506446
37.39359155549227,12.272224097778814,38.3832951933044,42.842400108892484
22.330258409117018,6.885705049665294,57.18722712271865,56.820520657126195
39.53447357620717,13.659878646151903,58.77693608621982,64.87246155335927
39.13375652091448,14.789430984797288,18.447625313363936,44.19946758629957
25.775311843051142,10.775826950609488,36.22354416522884,52.39404500535377
30.732781728743138,12.174918808990762,33.451128874193216,54.99685110302934
35.7902257245717,12.511641677024219,2.6196708532064794,54.72002270919275
40.00794252608764,14.871008210995178,2.4191763891355245,50.759552679160876
35.23178951658406,11.349895132598807,83.16970436757735,57.42682418359722
34.49245040774684,12.236051755649548,27.30708099728124,54.82248952680657
41.572626889611556,13.309272034703078,51.80787662388154,37.62337577672702
36.5424811395414,13.14949810756379,29.872557358877305,58.69156064389273
26.785812775092413,8.595655883044445,94.06792451153404,58.87290837266742
38.08772449835814,12.652528868729092,25.929675886577375,42.367138958214184
31.980019882590295,11.41911801746867,42.96568127389351,50.37937835447602
27.26719014064944,8.91954089569366,87.27302504846018,56.833289928110695
31.141537141547616,9.81636616921988,84.19335667918087,47.906861804206386
33.54723814920555,12.367029448813526,18.610141784627732,60.72978047766012
34.161939701450066,10.262404168242181,80.26433097957104,73.6387249461936
35.51180578785462,11.641161357728953,45.81868867378927,42.140139673650175
31.200489832159946,10.337140169401824,48.29688720853552,36.18955396846225
38.70017364321928,12.971063972894092,13.347997241594378,53.03818595604876
36.76359971459346,12.534539821257427,8.060151375712465,57.21562505126143
30.85148315101781,11.157635931907835,72.79393069737652,47.69133626155231
33.235548451003254,9.9917121980653,49.646115235529976,64.53260663321035
30.44702520376379,12.42880516644108,43.68507026151796,36.613942002767516
37.12523862995414,12.046776057472991,72.95082286523967,56.92918623031611
28.83421710151255,10.166805547046023,76.55128989911097,43.94139179241107
31.00238462295636,10.44754885416894,15.890816766935355,67.19377906207296
30.30015202004198,10.750630201765562,61.02251494776413,69.92515353168119
34.4970848798311,12.6334886391301,13.535408227768553,42.33343412216652
30.707269796013147,9.694539859529307,75.13750860290457,44.5044286409142
26.74824439227798,10.107554756634563,65.69551562671396,58.59587886979802
31.02883589763148,10.485760583186542,95.6614621083458,46.12869350210485
40.10695567196607,14.84464169343808,6.895801635642118,49.54588782067762
35.58175877500109,12.437990434594248,5.705472115125431,50.2538842054241
28.46442905043705,10.287234808756788,28.218707469320016,30.803268438023437
31.628177564387713,11.586139676948749,26.170568373590598,49.86162253905763
34.7031854189128,12.854654200962383,24.697879907199983,43.10272225935826
25.550114725420833,9.32471160850999,90.62545805210367,45.06877177600228
37.903612759128364,13.094349379176993,24.95461998495061,64.43632003468814
32.81208333021322,12.110786240776845,27.1949726128631,37.434931057207436
41.8722205522769,12.98639091211543,75.93982624179637,58.132051867479774
34.05080378490393,12.672310543792873,44.973984245054,47.21037069668191
32.04863092542602,10.020002151958124,77.67105569551812,47.202398315041656
31.278384929775783,13.217559197720304,6.536615756438524,57.90371896051711
31.020403278602007,11.405038954629243,48.75711936733843,53.4005129456889
38.013502154635795,14.993755560323306,3.3613600183282633,55.706129972195306
36.172078399703715,13.611071477780184,6.265320345535452,59.68184660532861
26.144463226635796,9.570149266608949,90.64374533444109,46.686916168166775
37.9116943205165,13.430121927024048,13.924537111759516,43.8776326549225
30.3350588656344,10.654306289705454,53.24206822752171,39.148494734422016
31.760559614132283,10.543583627251833,41.10956026007065,41.74589470021045
37.32296553912008,12.740158756769484,34.73433262588427,79.49094425308725
25.13547160412001,8.584745103379941,89.98333456872724,62.44679580736787
36.72730976815471,13.717030774506267,2.18233967754895,36.489256337919784
32.01399818793803,10.519083309694246,66.37896861755891,36.775420432564296
28.860875074198955,10.489281846809265,96.33944342135504,54.81866061718492
32.30044062371778,10.230393633302606,56.016818346184195,55.472647973779665
30.923716514806085,11.037144940385128,93.68224620330918,55.48883835317364
32.979909853362564,12.164864946422455,5.225787928602377,47.45044206446302
32.97637198598997,12.070923629031403,41.87933190741614,48.745457399970995
32.57789980333392,12.785489365015211,26.015779096205115,53.27879524159357
28.755428588076278,9.648260734704309,73.08209649807299,50.858930062933304
27.27799286983891,9.028722096567263,98.12970904972467,27.80699627252465
39.71105208285627,14.200994735396154,25.65300624442478,47.70200369424806
20.972497163105267,7.6610163511566425,65.41746014740745,41.485935657396865
38.62199163480085,14.026834462354937,19.809763275974014,51.75211418908512
30.690315529196845,8.916376648018396,56.53302545716099,79.85259002603411
33.06222009732279,10.84268763019205,46.39324866883362,53.67481665474305
38.14513697204738,11.260485208716016,97.2005329631537,46.86470313827602
37.27510566489072,11.2083188253569,60.85272726964666,59.21801501977252
36.98168764997907,11.585773207665998,34.950637208681876,54.826878872092124
29.085244013910582,12.311146230909827,11.409578488793336,54.200944904518416
38.95212267540535,14.67188371112103,15.124682873493455,56.06850593215671
30.41520615844258,10.72932381418996,22.53169299512351,70.56543564829542
32.350977581768916,11.706902306764581,25.0966661340298,38.69111564674084
34.11888102018574,11.503180904208499,85.06160578411378,54.736320768114545
36.17924034058952,12.688716495548377,56.12227882825249,40.73618870018461
34.02780853087688,11.372997601076422,52.33909113743665,55.55512646342248
30.72880094268712,11.809411471950611,11.476887186921747,40.81313488513906
33.54641338982934,11.489386133566011,86.0139693349435,45.82633186394916
29.168913925141077,11.277040327282668,72.28143032084837,47.049100857620935
36.806493479175764,13.878988555206773,6.766836190000158,59.75816719344709
25.310932680832366,8.972579862105569,70.78350972297687,59.18454443942414
29.589143508982882,10.745342945960067,54.353821734264606,37.542826235536154
41.02861682204317,13.957834088525198,8.172534574677826,50.54934110999849
29.624811532232933,11.564648652556324,45.830064152865646,42.904201452508275
46.526385315609545,14.343711034899796,48.469628713004695,37.414950893246655
35.69221129425527,14.297203290761468,16.577454016327575,47.82982949575629
25.655021318755136,8.286551249861269,94.56981470002823,46.915172115441806
30.847768514662906,10.697440702525622,84.99753714806619,74.26716486345522
34.855443938128325,11.31817539307211,66.90223373291083,54.32959825360696
33.11112997497391,12.087769077736993,46.22955610006072,36.22382499245763
37.00566943332244,13.468718058678741,41.17655415845085,44.352259958290574
36.48841634579058,10.913594683866076,65.09734671509541,60.213832954293984
31.77174144429103,11.188985124396684,54.543186940690546,70.88442772869925
41.97390567004671,13.731816582374195,6.227310588188562,34.140166877620416
29.66001182721426,9.518039118219942,51.25026487703317,31.20075614860955
32.287561258650314,10.297197646192243,80.64036172328395,68.70965175371782
40.92540246954721,15.100757481417387,45.923987759695805,53.89614177370904
32.07408424216499,11.586655838829023,5.195657755426842,41.31707268123633
34.002846281611646,10.94255267102883,78.6278199384033,55.346290861224354
37.02562513604956,13.98759999212264,20.13637821359744,23.64252260983122
34.974109482587835,12.548740639268853,25.862083488803876,50.03375506597161
36.63240819272472,13.379544049850539,16.47063534322959,53.278211728430854
35.84161040816067,11.535985537010053,33.02150648714976,59.2427013953783
30.312200208748305,10.759934195605586,75.6751505688635,39.861040477074624
30.805132876886272,9.861194365519157,51.93858595039374,50.856871614033594
27.960835591789472,10.42210333635545,20.488127415071254,40.74575373940413
31.43069174502916,10.681682511977774,87.78300781520409,52.55383755674317
32.51858813819481,10.523259830534373,87.95818549515292,41.046536776369756
29.80793708671856,10.009104900396384,87.05784250460069,45.918991608397796
38.21937705179504,13.123944131764633,23.87962113815393,40.04184605209771
29.83951449124515,12.15044911245557,45.12393441809881,56.51136241823657
32.453512778027445,9.489490301576689,98.49896561408751,58.58451116656666
33.6426732395638,11.349248045853274,77.20124763099903,47.653794300425865
37.340014689886544,13.846575916963872,2.716742122555982,50.382379949600285
42.075509833574664,15.526351145048798,6.5204591260492055,35.51408585366456
37.704901608899746,12.418089919145471,46.39313768123328,47.00323351993213
29.27494144296636,9.877540953912291,90.92202058615601,49.49795382958255
28.39873018555662,10.001347065795073,53.870179795271426,76.20793091029975
29.000311099303065,10.967412847372263,49.781250803429025,38.88032974225836
34.001474487736324,12.855485692288688,10.547369995663058,64.64177238752437
34.31594053349148,10.181660593431591,65.6780104724294,59.96858773465808
27.69437504792449,9.209897987280439,82.21031606002255,52.806364044901365
30.534692193935957,10.393290742652807,38.04200075075623,67.58620484195133
32.20972311305553,11.706183878186192,77.56118509253275,53.72105472606863
31.68172561733701,11.035532219150797,96.44766539008116,53.891591956679285
39.69227310994454,14.88175762957749,20.376645912768907,49.46879346982455
33.59267095099451,10.501207173157042,52.33296311947413,62.235688824186276
34.965401189129565,12.649723147553246,28.713795808457554,60.96469233810884
29.94505679969483,8.757098349374578,79.28544190338394,43.743227125037876
35.22141688729802,10.885480196385148,57.75933658811575,36.80752805401232
30.365639746437036,9.65093856472322,63.45824175503038,47.97019362604343
31.821014814530642,11.298073596832582,79.79141596158941,41.999614356023535
29.93246279984634,11.392780314233443,39.59704726624549,49.36475425384645
28.672442204011226,10.275680877942643,91.50900684070432,62.37438134684139
33.49750467937747,11.7843904916235,53.302886724614,45.4269834491321
42.67463713200509,15.624931523744904,15.7954822835348,49.571766186884254
22.54210600835294,8.801685875184525,69.58991181688025,50.58022734808395
35.709016885901356,11.920804550382286,79.32613504382545,58.484308822052846
35.2049251652238,13.115328833953342,31.67616770675267,27.53110666015395
26.4591821309239,8.64728905489852,85.7179256998753,43.932997052347034
32.43605415763497,10.256551533507238,90.61432547657664,52.11283692279473
40.364249911660444,13.67511146831405,27.690448737780894,62.000789564268615
30.821603510381696,8.95319376472627,98.3521472715222,45.08097552493795
37.09270405353954,12.988429142518527,14.071152804875842,31.23447293958126
32.702678465498145,11.528032020019877,20.201566840248997,56.197114459661364
44.19513425291978,15.262213032530424,18.422483923802613,43.646376111743706
33.90893242544018,9.975549666729849,89.39897100078704,38.103333409096386
31.0427612661444,11.551809234544363,65.42925523249619,43.75654610286776
37.053507187020784,12.981319389753757,15.210428322227287,48.1547464234415
30.053509387722706,10.759885736886428,44.032341836834895,43.95255335461787
38.51286703841846,12.710168403993721,61.529802506980204,27.944339429009307
41.58615914608029,13.382552425311175,8.34640849893833,58.97066196887132
25.76052703096545,8.991285109838204,88.24163684073388,62.748750412787224
29.053940192061056,9.793258473164169,80.36035354415351,56.51521991339506
32.764283996395704,12.312030972515712,50.52067735766382,38.62314329575183
34.803367653306545,9.775059711553347,96.71266152591704,47.98508466052482
32.28213122020429,12.04558487114379,41.77609792750997,49.93478684770542
28.605869158219996,9.562210752087394,98.41103190364979,55.987943895619104
31.466314152755,11.25414524701094,66.79199988036271,56.68340488718081
28.612608522566067,9.168614569545326,63.467127325394145,42.65826201221504
27.8004981021793,12.42674445235018,16.5954895295785,50.819955564135604
29.02667553917544,10.28305368697768,88.1927758304644,54.57280404615241
33.383266068185875,12.373299965418731,42.74896879206152,64.55822322146767
32.637962045562766,11.798631075913148,16.223340578247935,57.04506539824723
42.61487452355938,14.405549666741667,1.260751997575904,57.89056687375519
30.547584979190205,9.998246578840314,55.975568363838256,50.838266279293606
31.867580835518318,10.910759771077592,52.739962212267635,64.10459145203504
37.77530938340399,12.793160104138476,71.93536223691585,54.09762795959497
29.189700429791266,8.493822595529249,89.02580530178021,41.389120898264295
34.07925061890045,12.743912176467054,7.9406584643029525,64.0336997012519
32.43420559191109,11.443957075954348,73.14964903403623,56.979032725390276
32.425612289653934,10.958777753521293,18.741194409758222,45.569559788715175
29.959386390778626,9.267564577421165,85.8177053157164,45.205070326007565
28.328502963726063,10.584349672379998,81.90635138616561,52.96575545140762
31.476008885859585,10.90797100938695,54.07937549855444,54.63184795267584
31.92131895681061,10.357400341626379,71.02427986233116,51.972922656312065
44.158649081663,14.400085214351739,31.43501131837484,53.113086734428855
31.17860191073078,11.746836596746832,47.116789893281464,66.99957374576381
23.16126344834766,9.893135430242136,82.16368977104716,60.71543152234886
32.21769852513994,11.05298147165151,45.92651971732139,51.90635591265024
31.33280539949491,12.30333122906162,35.77982653254418,59.41310580767483
27.182264752786367,11.086511519995485,49.421244725029986,39.674760964724605
27.941008173279982,10.911067613293469,82.82492524372184,53.979270499468086
38.833277816425436,12.537279862022585,33.520804737087275,68.0930634973311
34.727615286319725,12.663249913067002,17.37615931357438,47.81954104607626
26.36774251740309,9.033794319241968,71.20140203307808,41.52366071380915
33.62679026979824,10.070809104646557,82.59782127080818,43.47911111406939
35.26571524285069,12.409700221613003,10.063747852353334,39.103669626576114
38.18809560194918,12.00304889493604,23.98741127559447,42.15238091872297
34.8194390058951,13.65026270947607,14.19719897609939,46.29491901409971
31.08760390049265,11.71516066044821,34.79414115821666,35.94432980821358
35.69757393427215,13.304871441086538,45.035097890541266,50.15618333949603
33.6804150102446,10.72268158215613,74.88263369633064,59.02277173786647
30.27542641111245,10.845920577186192,65.11475848816741,40.9224381985308
33.1762828444492,11.252303954913515,62.092856747843115,65.19283923641768
36.1715893886627,12.825831770145776,35.23749466096544,55.107920885275945
30.01717335507551,9.13433694676757,84.144755308476,60.305805856240575
36.6390962385206,12.122199781616782,47.128716739816454,43.42165446147863
38.27259991363993,10.47371787536206,97.91049380151546,58.545252270666154
30.599974171551143,10.747994161682232,63.41421382957368,39.08066099604687
28.686608754933914,10.883050011537176,12.626474156450273,58.90247500836509
28.603072787789117,10.089942199589046,67.6177562075434,51.718393397935316
35.74213677034361,14.221545942267788,32.5104015431699,55.53251219984784
33.297753600313634,10.19176126137563,68.63271966860974,38.24405394375148
39.7673929035693,13.820996093091544,6.964114816240574,41.049301577233955
34.5727017643248,13.240135724313516,17.48814371759594,55.972282182533846
29.68422226867029,10.145585891757088,85.57372589057863,40.51651995775799
39.50945236735908,14.048625932262464,22.71795570235149,54.63206292099123
29.769341652910068,9.151122854600455,83.704112524294,36.32862193539754
41.70399704502917,14.59846602323975,27.927608845441043,58.48174212666668
34.755556924862105,11.110578124497763,64.28819100587077,37.67476685231491
27.838262903401542,10.142380874251188,69.4150573509831,55.522999376795234
36.23236144513151,12.29749399073096,51.265475314505295,56.25630933646001
40.015149223515635,13.843849842927856,30.531067669673128,43.03228181570425
38.97228508985188,14.732447161040987,21.264437637109612,55.82026567084727
37.80240929635504,12.982998007777121,3.318935456242622,52.60442263333556
33.592406783175186,13.120780135158338,30.39464012407238,44.61158143807262
34.461197523020914,10.96482485765722,65.3162790531283,39.91445315923792
29.609156939165516,9.935701796064555,93.83048184484826,30.37374308327421
32.871092676064,10.127415670285115,87.1204482263052,53.496500472996935
33.51871746740812,10.273070144078876,76.60647765353026,34.35197228637945
36.88850133691964,11.78280812563515,78.84473432532987,50.95344199441308
34.60858731813201,11.176005317993647,66.49849034759953,47.36551783917751
36.150834759308054,12.27009907930558,26.0286857566003,56.79142775438196
28.60992554730666,9.394849934295943,90.71950307058299,46.97954500510136
34.174340495404685,10.741474117122879,67.0732311905834,46.70552213652909
33.82181703453772,12.500368472611513,56.04406309804399,57.318707042882956
39.03843494689375,14.651401822135606,11.098946921348107,53.35058029084117
31.11677269703923,10.505719166727213,44.70555438064254,53.16155957182778
37.69620678714778,14.367735215105709,46.03582712019263,54.69267589808526
27.000440500978605,9.74528785720095,86.45636095226699,34.644278767928945
32.268952807117664,12.556522048527482,54.66482201877885,57.56788679986982
36.122875620738654,12.585508752874372,38.04005489704097,56.12468794013602
29.611032826561075,9.744907136162103,97.68003285106593,39.83316871423503
39.174005901485415,14.3090838119649,11.072059332631568,47.55919526325799
34.713877276538234,12.425524499704574,42.25484283119446,49.606927123723686
42.61391962144203,15.220371712534808,4.202467517140529,48.655032155982674
33.57731880622299,11.495418486808864,73.99041207669303,53.338599665685344
33.20080647112449,10.176157869462868,91.80765521991506,64.31366781831184
34.307003971030845,11.874178192814991,28.003732955048942,60.81766727672829
33.174814397674176,10.150474290160563,85.83416767991208,36.87780806568594
37.82016144830645,13.596728761886958,29.221823046189776,56.220699903060485
31.4522284729955,10.012155130885555,91.07701616439152,63.2893331953541
30.366754062322464,11.24771468153699,75.3961903596784,53.868085206892026
30.663309008159363,11.567593624164154,80.49067768414386,60.90980425185967
38.83957322422701,13.297594557782578,1.80065556004545,70.12270445700766
28.320534876837193,8.442332072411771,96.2810357074026,60.23709546106981
30.4911829753231,10.003053173467784,72.66709920703232,52.49308595641729
35.795620472058715,12.880902187707683,30.47510953861333,60.450884740847535
34.15486819031036,9.8652755368686,82.9394664858847,51.44887833096891
34.35466813588771,13.431339037086964,28.152119841492997,50.23903043284955
32.36355798715722,10.126782500761248,87.2753839566128,46.485857642862676
35.1253023650351,13.12648468871147,11.258039041193701,65.63413358832108
29.862236220608416,9.643183903289914,70.36859774607957,41.81571334057999
27.338476953371966,9.219098347956054,54.069847664491036,65.32367724678116
37.01864141779823,13.51887597566881,9.653447019544082,54.99864123740371
32.972845671297094,10.84654117008323,24.189382825883897,36.006938251980586
43.97760137371324,15.733379242874667,1.240403627731479,53.67649292991422
32.75585084049417,11.465131197768656,46.876796546450585,28.99973492348376
44.86227850059735,15.459166902448132,30.126526076000037,56.25508016831036
43.70366362224845,14.25670736384761,59.83574842977588,58.85231482988991
32.49034282334921,11.608354942001275,29.72378077086172,44.07644044347946
29.514718304724088,11.29466446162372,29.99191115069847,51.235476959555825
35.67358156701469,11.49962274537068,74.31931987316034,69.54157433750287
40.705770851953915,15.211431317849964,4.814283597835345,44.942532957380635
23.19431939592938,7.3368795580386905,90.28949951919873,39.410924129433994
27.068372793095367,8.306483386339083,85.22638743911814,64.81663402462598
30.525550665729792,10.160842135199186,66.78046832264066,69.62587190530795
25.482211416675955,11.33459041726858,59.32215701073843,50.03695671847847
27.29116288153672,9.39520890047389,89.23024981396523,60.11463035408356
39.490432275160195,14.579349221480351,18.533017952871443,63.41475915530881
39.62175626282352,12.73055724965988,7.896916219082861,42.57515767461616
30.76335905714192,10.436717355593741,23.95101699095381,45.14694164632132
34.00891125465163,11.808441299825025,79.45782787001903,62.30874513154735
33.22193256273308,12.463410010239272,3.4670266726483323,66.85014278708509
22.228900822950973,8.304715374731545,58.280683508348964,55.62880860174355
27.55279698672749,8.82192213006221,99.54375161913099,41.20185646497946
31.497320125852184,10.49190221085323,85.56960938375394,69.87061111699441
35.065456730844815,11.392384147322122,52.14456890435895,44.690291021880356
34.26304040673864,13.103329038456135,6.364090928664234,46.64862218828548
30.315695075593123,9.859797894182691,83.13735143857099,53.423378344896214
25.410157242096947,10.008754984617942,59.89785081772106,65.54160420714774
39.16697687955658,12.799170204798628,11.493299705956684,58.539759765522234
36.4644302126844,12.774957309696504,9.38572848233562,54.148655003619105
33.731141236687165,10.531793723624915,90.96268194365923,54.63288530118106
32.811405882030364,11.14703989987496,66.92002629380784,50.43514668643466
32.01468044822813,10.250002418959934,82.92867993167555,55.58139514518506
31.853010450668272,8.894840656851386,87.89789002822673,24.70439922305697
32.4683530412047,11.183489357631379,57.17723520483222,47.033925409302014
30.355503656652903,9.55706457471571,51.74463517550413,52.41321934916781
35.20330795152914,12.690915877346654,43.042741032099016,38.48985916380493
36.44303053877295,13.942385353708705,31.69465877911193,53.8632331781156
32.673912107486565,10.70738994245859,43.459596085871176,47.95528779013878
31.07287595374867,9.49980620088785,77.38796557301563,67.5547569831549
35.72671063738947,12.039548231359207,60.19234310151316,65.73019725214857
29.417638555534083,10.452030033623618,89.2523289954846,45.34194430881837
36.35833121687612,12.23534552825932,44.33800143791877,48.49162288433305
29.374695335981166,10.252222801818164,60.7089578718754,49.260524343916074
24.76208334037047,8.159151541064949,63.130755309198875,45.483405238403776
29.615650382472648,11.209004525231874,59.16971623063255,51.950249840281266
35.91706435907857,12.188381345978721,70.26337730855164,42.4171793111241
36.951146516394175,13.510512894585005,23.74334683748063,38.693846650624735
32.64405128879497,11.089590143436137,51.23637775457907,56.227112239002686
33.94646081562579,13.577866580117856,10.422480280834767,56.29529584221811
30.74653114938328,11.12158099235457,38.45113276448126,41.956842403400074
31.7104239867734,10.52249712500901,48.76670686212644,58.95355430762599
27.83302306334009,10.350218954635865,65.22242595454725,43.68422270834669
22.997598418047584,8.681154848437876,95.05310525862035,52.53165238037981
34.42884885794065,11.394565247264026,60.06510665483559,58.20344012612456
28.211716810836208,9.699564471164368,74.35939161765597,49.66387435296287
36.102472663187534,12.984906415351226,50.626605949520275,54.54740912141135
32.62975102099052,11.010694516886845,63.41040313763313,44.835703561124284
37.6589616277142,13.068562403892841,7.093221613377343,48.03533416571903
37.48109343629985,13.728065679927418,25.439158084184697,47.94140569119659
28.540802516351164,11.113981350992828,36.185309320513866,42.53421653459761
36.760730643679054,11.607228883339971,47.249335500651355,48.23225836884218
38.25627451185081,13.45073430029563,4.564874550238374,34.51381701136253
27.864580287255635,11.41832887223049,14.002409755331769,45.08846252857895
37.80741593304272,13.100913760958942,27.68143077913058,47.15124506630329
25.09487468644229,7.415383071130172,97.15326909010507,47.4382024750462
29.530207591343384,10.093953699006837,33.134700710305076,47.58502554129221
26.219928906735007,9.390618009100756,48.20410581120825,49.382358001398714
27.808515240647782,12.592449619518241,19.609771273839293,54.79441518086064
29.645676060651653,10.294969179401829,61.07800710757682,58.745170741325225
34.42015203961658,12.129337562790786,28.068321551597432,43.50234773151733
34.957791888185476,12.82130267656205,20.699257843842677,37.967991446108556
30.134914270101245,10.56532453496697,51.65726284459791,39.57955587756897
42.95616974847175,14.151251372853071,0.5505799160420821,45.12797078805073
37.64249153517356,13.697419295723464,0.7664032649225327,46.48078682183491
